{
    "Moja Kuća": {
        "Hodnik": [-152.4206583, 4576.474332, 4475.803176]
    }, 
    "Aneks G": {
        "G11": [4.219506856, 4351.583339, 4664.449968], 
        "G12": [4.273620355, 4351.296881, 4664.717147], 
        "G13": [4.38625862, 4351.668621, 4665.737789], 
        "G14": [4.502014033, 4352.090172, 4666.711934], 
        "G15": [4.700498483, 4352.519939, 4667.678306], 
        "G16": [4.707261421, 4352.736455, 4668.843664], 
        "G17": [4.719266129, 4353.370725, 4669.619502], 
        "G18": [3.860385837, 4354.398603, 4670.029166], 
        "G19": [4.085200347, 4355.462878, 4670.40386], 
        "G20": [4.037249917, 4356.359342, 4670.935242], 
        "G21": [3.967137414, 4357.343707, 4671.384635], 
        "G22": [3.94046005, 4358.681754, 4671.503981], 
        "G23": [3.800254315, 4358.846837, 4672.717698], 
        "G24": [4.267160544, 4358.031397, 4674.845055], 
        "G25": [3.802412644, 4358.822654, 4675.474953]
    }, 
    "Aneks M": {
        "M12": [2.954995501, 4360.018169, 4675.728129], 
        "M14": [2.800633335, 4360.669858, 4676.48784], 
        "M15": [2.841219538, 4361.388294, 4677.185193], 
        "M21": [2.680327859, 4362.879128, 4677.162287], 
        "M22": [2.780915618, 4363.25804, 4678.176283], 
        "M23": [2.810026993, 4363.745439, 4679.089112], 
        "M24": [2.862758275, 4364.30389, 4679.935651], 
        "M25": [2.907202212, 4364.851071, 4680.7927], 
        "M26": [2.821644558, 4365.516267, 4681.539774], 
        "M28": [2.561825981, 4366.884792, 4681.630999], 
        "M29": [2.600790365, 4367.784593, 4682.159163]
    }, 
    "Hrana/Piće": {
        "Menza": [3.028779344, 4367.706593, 4682.231668], 
        "Kafić": [7.240049724, 4370.031919, 4680.056843]
    }, 
    "Kancelarije": {
        "EventHall": [6.775721117, 4370.4473, 4679.669639], 
        "Zbornica": [2.887182929, 4366.920948, 4682.964503], 
        "Direktor": [2.734771409, 4367.608927, 4682.322952], 
        "Legalnasl.": [2.666143925, 4367.517195, 4682.408556]
    }
}